-- Socios
INSERT INTO SOCIO (NOMBRE, DIRECCION, TELEFONO)
VALUES ('Juan Pérez', 'Calle 123, Ciudad Uno', '+503 23123223');

INSERT INTO SOCIO (NOMBRE, DIRECCION, TELEFONO)
VALUES ('María Rodríguez', 'Avenida Principal, Ciudad Dos', '+1-987-654-3210');

INSERT INTO SOCIO (NOMBRE, DIRECCION, TELEFONO)
VALUES ('Carlos Sánchez', 'Carrera 45, Ciudad Tres', '+502 32335876');

INSERT INTO SOCIO (NOMBRE, DIRECCION, TELEFONO)
VALUES ('Laura Gómez', 'Avenida Central, Ciudad Cuatro', '+504 43789854');

INSERT INTO SOCIO (NOMBRE, DIRECCION, TELEFONO)
VALUES ('Pedro González', 'Calle 67, Ciudad Cinco', '+1-333-333-3333');

-- Director
INSERT INTO DIRECTOR (NOMBRE)
VALUES ('Peter Jackson');

INSERT INTO DIRECTOR (NOMBRE)
VALUES ('Christopher Nolan');

INSERT INTO DIRECTOR (NOMBRE)
VALUES ('James Cameron');

INSERT INTO DIRECTOR (NOMBRE)
VALUES ('Steven Spielberg');

INSERT INTO DIRECTOR (NOMBRE)
VALUES ('Lana Wachowski');

-- Actor
INSERT INTO ACTOR (NOMBRE)
VALUES ('Elijah Wood');

INSERT INTO ACTOR (NOMBRE)
VALUES ('Matthew McConaughey');

INSERT INTO ACTOR (NOMBRE)
VALUES ('Leonardo DiCaprio');

INSERT INTO ACTOR (NOMBRE)
VALUES ('Tom Hanks');

INSERT INTO ACTOR (NOMBRE)
VALUES ('Keanu Reeves');

-- Peliculas
INSERT INTO PELICULA (TITULO, GENERO, DIRECTOR, ACTORES, ID_CINTA)
VALUES ('El Señor de los Anillos: La Comunidad del Anillo', 'Aventura', 1, '{1, 2, 3}', 1);

INSERT INTO PELICULA (TITULO, GENERO, DIRECTOR, ACTORES, ID_CINTA)
VALUES ('Interestelar', 'Ciencia Ficción', 2, '{4, 5, 6}', 2);

INSERT INTO PELICULA (TITULO, GENERO, DIRECTOR, ACTORES, ID_CINTA)
VALUES ('Titanic', 'Romance', 3, '{7, 8, 9}', 3);

INSERT INTO PELICULA (TITULO, GENERO, DIRECTOR, ACTORES, ID_CINTA)
VALUES ('Jurassic Park', 'Acción', 4, '{10, 11, 12}', 4);

INSERT INTO PELICULA (TITULO, GENERO, DIRECTOR, ACTORES, ID_CINTA)
VALUES ('Matrix', 'Ciencia Ficción', 5, '{13, 14, 15}', 5);

-- Cintas
INSERT INTO CINTAS (ID_PELICULA, CANTIDAD, ULTIMA_DEVOLUCION, ULTIMO_PRESTAMO)
VALUES (1, 5, '2023-10-15', '2023-10-05');

INSERT INTO CINTAS (ID_PELICULA, CANTIDAD, ULTIMA_DEVOLUCION, ULTIMO_PRESTAMO)
VALUES (2, 3, '2023-10-20', '2023-09-28');

INSERT INTO CINTAS (ID_PELICULA, CANTIDAD, ULTIMA_DEVOLUCION, ULTIMO_PRESTAMO)
VALUES (3, 4, '2023-10-10', '2023-09-15');

INSERT INTO CINTAS (ID_PELICULA, CANTIDAD, ULTIMA_DEVOLUCION, ULTIMO_PRESTAMO)
VALUES (4, 1, '2023-10-25', '2023-10-10');

INSERT INTO CINTAS (ID_PELICULA, CANTIDAD, ULTIMA_DEVOLUCION, ULTIMO_PRESTAMO)
VALUES (5, 2, '2023-10-12', '2023-09-30');

-- Prestamo
INSERT INTO PRESTAMOS (ID_SOCIO, ID_CINTA, FECHA)
VALUES (1, 1, '2023-10-05');

INSERT INTO PRESTAMOS (ID_SOCIO, ID_CINTA, FECHA)
VALUES (2, 2, '2023-09-28');

INSERT INTO PRESTAMOS (ID_SOCIO, ID_CINTA, FECHA)
VALUES (3, 3, '2023-09-15');

INSERT INTO PRESTAMOS (ID_SOCIO, ID_CINTA, FECHA)
VALUES (4, 4, '2023-10-10');

INSERT INTO PRESTAMOS (ID_SOCIO, ID_CINTA, FECHA)
VALUES (5, 5, '2023-09-30');

-- Devolucion
INSERT INTO DEVOLUCIONES (ID_PRESTAMO, FECHA)
VALUES (1, '2023-10-15');

INSERT INTO DEVOLUCIONES (ID_PRESTAMO, FECHA)
VALUES (2, '2023-10-20');

-- Lista Espera
INSERT INTO LISTA_ESPERA (ID_SOCIO, ID_PELICULA, FECHA_SOLICITUD)
VALUES (1, 3, '2023-10-05');

INSERT INTO LISTA_ESPERA (ID_SOCIO, ID_PELICULA, FECHA_SOLICITUD)
VALUES (2, 5, '2023-09-28');